Timestamp,Discord Name (Example#9999) / Twitter Name (@Example1234),Nickname (Leave blank to remain anonymous),Where do you live /  å±…ä½åœ°.,Display Icon/Picture (.png),Fan Message (Maximum 300 characters),(Optional) Illustration Submission - .png or .psd files preferred,**Fill only if you submitted a commissioned work** Artist Name/TwitterID - Leave blank if you submitted your own work
4/26/2021 0:44:54,ã›ã¨@kani0706,ã›ã¨,Japan,https://drive.google.com/open?id=1b01hYJVnJLiYmFDvqflwgFcp-XFbpU7J,"ã­ã½ã‚‰ã¼ï¼ï¼
äº”æœŸç”Ÿã¨ã—ã¦ãƒ‡ãƒ“ãƒ¥ãƒ¼ã—ã¦ã‚‚ã†ä¸€å¹´ãŸã£ãŸã®ã‹ã€
ã¨ã¦ã‚‚æ—©ãæ„Ÿã˜ã¦ã¾ã™ã€‚
è‰²ã€…ãªã“ã¨ãŒã‚ã£ãŸã‘ã©ã“ã‚Œã‹ã‚‰ã‚‚å¿œæ´ã—ã¦ã„ãã‹ã‚‰ã­ï¼ï¼
ã­ã½ã‚‰ã¼ã®çš†ãŒæ›´ãªã‚‹èºé€²ã‚’é‚ã’ã‚‹ã“ã¨ã‚’é¡˜ã£ã¦
æ•¬å…·",,
4/26/2021 4:47:46,JexTexSSB#7742,Jex,United States of America,https://drive.google.com/open?id=1_Ci1DC9Un9-vsBhSeH0dp5-CN8WB8dTF,Congratulations on Hololive 5th Gen's anniversary! You are all so talented and amazing and fun to watch. Please continue to make entertaining streams and make us happy. Omedetou!,,
4/26/2021 23:44:48,MistExile#0311,Mistle,Philippines,https://drive.google.com/open?id=1WXkwrfqKY2aERNkTgt62gQHMgG5hQjYF,Thank you for being the generation that made me jump down the rabbit hole and making me love Hololive as a whole. Every member of this generation are special for me and each and everyone's stream just makes me feel so relaxed. Happy Anniversary NePoLaBo!  ,,
4/28/2021 9:57:25,@miyabi_neko_mk3,ã¿ã‚„ã³ã­ã“,Japan,https://drive.google.com/open?id=1gMCdN9V1blHkn4BBTH9wGmt9VOJlszlN,1å‘¨å¹´ãŠã‚ã§ã¨ã†ï¼è‰²ã€…å¤§å¤‰ãªã“ã¨ã‚‚ã‚ã£ãŸã‘ã©ã€ã¿ã‚“ãª3Dã«ãªã£ã¦å‹•ã„ã¦ã‚‹å§¿è¦‹ã‚Œã¦å¬‰ã—ã„ï¼ã“ã‚Œã‹ã‚‰ã‚‚æ¥½ã—ãé…ä¿¡ã—ã¦ã‚‹å§¿æ¥½ã—ã¿ã«ã—ã¦ã¾ã™ï¼ã‚ˆã‚ã—ããŠã­ãŒã„ã—ã¾ã™ï¼,,
4/29/2021 9:03:53,@1MiiSan,mii,United States of America,https://drive.google.com/open?id=1pSvI-SEwoU7GB8Rehd7CTLszO0qvkr_u,"Congratulations on an amazing year, NePoLaBo!
Watching you grow as a family has been so fun.
Thank you all for your hard work!",,
5/10/2021 6:27:45,bearscountry1#2094,Josh Lee,United States of America,https://drive.google.com/open?id=11j64k-gXFAfgLImVxTuRZEfcfMCqNE7U,Its already been a year since you debuted?!?!?!?!? Time flies bye when enjoying something fun....I always love your works and how much effort yall put into them!!! Can't wait to see you grow even more!!! CONGRATULATIONS ON 1 YEAR!!!!,,
5/29/2021 17:39:57,SSRBSukoya#3856/@moarjtri,jjtri,Prefer not to say / ç­”ãˆãŸããªã„,https://drive.google.com/open?id=1ty6I5Q55dTp6buJpL6Dg3V7R_p5rAjea,"Happy 1st anniversary! And hope for many many more!
Thank you for keeping us company through this rough year and making us smile.
Keep working hard! Holofive will have my love and support always :D",https://drive.google.com/open?id=1BPGyTNfNm6YVxzYxqJKBY-tzO1cYbFBS,
6/10/2021 23:45:29,ã‚¹ã‚£ãƒ•ã‚©ãƒŸãƒŸãƒƒã‚¯#0532 / æ°´ç« @sui_hi_sf,ãƒŸãƒŸãƒƒã‚¯,Japan,https://drive.google.com/open?id=1d2-q8-Tv0q0jAe3XIGT1eZHa0TEgCRoI,"åº§é•·ãƒ»ã­ã­ã¡ãƒ»ãƒ©ãƒŸã‚£ã¡ã‚ƒã‚“ãƒ»ã—ã—ã‚ã‚“ã€ä¸€å‘¨å¹´ãŠã‚ã§ã¨ã†ã”ã–ã„ã¾ã™ï¼
ãƒ‡ãƒ“ãƒ¥ãƒ¼ä»¥æ¥ã“ã®ä¸€å¹´é–“ã¨ã¦ã‚‚ã¨ã¦ã‚‚æ¥½ã—ãé…ä¿¡ãƒ»ãã®ä»–æ´»å‹•ã‚’ã¿ã•ã›ã¦ã„ãŸã ãã¾ã—ãŸï¼
ã¾ãŸæ¬¡ã®ä¸€å¹´é–“ã‚‚æ¥½ã—ã¿ã§ã™ï¼ï¼(*'Ï‰'*)
ä»Šå¾Œã‚‚4äººãŒä»²è‰¯ãå¥åº·ã«æ´»å‹•ã—ã¦ã„ã‘ã¾ã™ã‚ˆã†ã«ï¼
ã“ã‚Œã‹ã‚‰ã‚‚å¿œæ´ã—ã¦ã„ãã¾ã™ã€€ãƒ»Ï‰ãƒ»)ã‚
",https://drive.google.com/open?id=1niyDORKNhxPNXDZmXRjPK_0Ts272ISH3,
6/14/2021 8:56:13,Himiko Toga#0135,Simon,Netherlands,,Omedetouuuu on the gen5 Anniversary \o/ thank you all for the amazing streams you bring us and for always making me laugh while wwatching your streams ,,
6/14/2021 9:43:09,Ortrus#8096,Ortrus,Mexico,https://drive.google.com/open?id=1WwLx5m588O0cH4QEo6uT1te0KNFQPiop,"Happy anniversary everyone!

My journey through the vtuber world started with the 5th gen, and i couldn't be happier about it. I can't thank you enough for all the fun and inspiration you've given me through this year together.

Let's enjoy even more in the long time to come!!!",https://drive.google.com/open?id=12-jpUHkg33ZaUc-3ImhHB67Ie7pzXIgC,
6/14/2021 9:56:30,Ortrus#8096,Ortrus,Mexico,https://drive.google.com/open?id=1Cs9DxIyRS1iB60VzWHz8EtudFWbG5Upz,"Happy anniversary everyone!

My journey through the vtuber world started with the 5th gen, and i couldn't be happier about it. I can't thank you enough for all the fun and inspiration you've given me through this year together.

Let's enjoy even more in the long time to come!!!",https://drive.google.com/open?id=1s_bQco0DeWEa798MvXJpk8aQNzin7SQx,
6/17/2021 22:01:26,uluvtu#7904,ã™ã¾ã’ãƒ¼,Japan,https://drive.google.com/open?id=1D2Zm1Asrfj8nVyhMCSBAY5-z8k3BofQn,"1å‘¨å¹´ãŠã‚ã§ã¨ã†ğŸ‰ğŸ‰ğŸ‰ğŸ‰
ã“ã‚Œã‹ã‚‰ã‚‚ä»²è‰¯ãå…ƒæ°—ãªã­ã½ã‚‰ã¼ã§ã„ã¦ãã ã•ã„ï¼ï¼ï¼",,
6/24/2021 0:14:52,T1stG#7707,T1stG,Singapore,,Congratulations on 1st anniversary :D Love how close Neporabo are and hope to see more teetee moments in the future xD glad to have found hololive and hope there will be more fun times together ^-^,,
6/24/2021 0:20:14,Krye#4425/@Krye__,Krye,Philippines,https://drive.google.com/open?id=1bzGocJ5ZE_buJ0XD4oyZ3_Zzkqi9681t,Happy Anniversary 5th gen! Thank you for all the happiness that you all give! ,,
6/24/2021 0:50:33,Majiene#2037 / @Rivicen2,Rivicen,United States of America,,NePoLaBo will always be my favorites!  Thank you for all the joy you have brought into my life.  The hard work you have all done is amazing.  I'm looking forward to continuing to support each other! ,,
6/24/2021 1:58:58,LeagueOfPenguins#0237,League of penguins,Spain,,é ‘å¼µã£ã¦ãã‚Œã¦ã‚ã‚ŠãŒã¨ã† ãƒ½(ãƒ»âˆ€ãƒ»)ï¾‰,,
6/24/2021 2:04:15,@_Daemon___,Daemon - ãƒ‡ã‚¤ãƒ¼ãƒ¢ãƒ³,Prefer not to say / ç­”ãˆãŸããªã„,https://drive.google.com/open?id=1NhwD12JQcD8BwHmyNjRUurzF1dVQuewo,Congratulations on the 1 year anniversary!!! I hope you all stay like a family and share in each others' happiness and sadness. ãŠã¤ã­ã½ã‚‰ã¼ï¼,,
6/24/2021 2:07:18,Shiro.Neko#3230,Shiro.Neko,Prefer not to say / ç­”ãˆãŸããªã„,,1å‘¨å¹´ãŠã‚ã§ã¨ã†ã”ã–ã„ã¾ã™ã€‚ã„ã¤ã‚‚ã¨ã¦ã‚‚æ¥½ã—ã„ã§ã™ã‚ˆï¼ã‚ã‚ŠãŒã¨ã†ã”ã–ã„ã¾ã—ãŸã€‚,,
6/25/2021 1:58:29,Raze Yukihana#9440 / Razeé›ªèŠ± (@RazeYukihana),Razeé›ªèŠ±,Singapore,https://drive.google.com/open?id=1OMpdgzhEHR3BdyjHiiv6EfX1JA8gPlJ9,"Happy 1st Anniversary NePoLaBo! Since all of your debuts, every stream was such a fun and memorable stream! Let's hope Gen 5 will keep on shining and become more and more famous throughout the world!

NePoLaBo is the Best!

",,
6/25/2021 3:25:42,vlackSR#4938 / @vlackSR,vlackSR,Honduras,https://drive.google.com/open?id=1vqyyQV0dAgJtRlvH7h1wq_1YnCQ-sKXd,"Since they debuted they gave me a very good impression to the point that the 5th Gen became my favorite of all Hololive. I really enjoy the streams of all of you to the point that make me forget my sadness, never change <3",https://drive.google.com/open?id=1yo9nfXUWVbg1CIYqHrnoRqlSrAlPNjNW,
6/25/2021 7:40:38,Bud#3025 / @BudTheGaming,Bud,United States of America,https://drive.google.com/open?id=1F8cub_LHf0sumnBGMxgg6-1_-eLdCHhn,"Congrats on one year, you four! It's been a fun and wild ride so far! Let's keep going and make even more great memories for years to come!",,
6/25/2021 12:32:57,@miyabi_neko_mk3,ã¿ã‚„ã³ã­ã“,Japan,https://drive.google.com/open?id=1ovqsrGW-x-Z-ly6594cdeBeUmiPFzOaH,"ã­ã½ã‚‰ã¼1å‘¨å¹´ãŠã‚ã§ã¨ã†ã”ã–ã„ã¾ã™ï¼
ã‚‚ã†ãƒ‡ãƒ“ãƒ¥ãƒ¼ã‹ã‚‰1å¹´çµŒã¤ã®ã‹ã¨é©šã„ã¦ã¾ã™
ã„ã¤ã‚‚ã‚ã¡ã‚ƒã‚ã¡ã‚ƒã€å°ä¸­å­¦ç”Ÿã¿ãŸã„ã«æ¥½ã—ãã†é›°å›²æ°—ã®ã­ã½ã‚‰ã¼æ¥½ã—ãè¦‹ã¦ã„ã¾ã™ï¼
ã“ã‚Œã‹ã‚‰ã‚‚æ¥½ã—ã‚“ã§ã‚‹å§¿ã€æ¥½ã—ã¿ã«ã—ã¦ã¾ã™ï¼",,
6/26/2021 16:02:13,å°æ£®ã‚¨ãƒ³ã‚¸ã‚§ãƒ©(@gjmajk586),å°æ£®,Japan,https://drive.google.com/open?id=1wUvdaP7pgTo6OqxcowCysCJHyFSgatT5,5æœŸç”Ÿã®çš†1å‘¨å¹´ãŠã‚ã§ã¨ã†ã€œ5æœŸç”Ÿã®ãŠã‹ã’ã§ä»–ã®ãƒ›ãƒ­ãƒ¡ãƒ³ã‚„ãƒ›ãƒ­ãƒ©ã‚¤ãƒ–ã®æ¥½ã—ã•ã‚’ã—ã‚ŒãŸã¨æ€ã†!ã ã‹ã‚‰1å‘¨å¹´ãŒæœ¬å½“ã«å¬‰ã—ãæ€ã†ï¼ã“ã‚Œã‹ã‚‰å…ˆã‚‚10å¹´ãã‚‰ã„ãƒ»ãƒ»ã„ã‚„100å¹´ã‚‚5æœŸç”Ÿã®çµ†ã§ã®ã—ä¸ŠãŒã£ã¦ãã‚Œã‚‹ã“ã¨ã‚’æœŸå¾…ã—ã¦ã¾ã™ï¼,,
6/27/2021 11:29:46,@Yogulppe,ã‚ˆãƒ¼ãã‚‹,Japan,https://drive.google.com/open?id=1mGd9JeYSMEN3y6NmgceK0ugk1M7XwI-v,"ã­ã½ã‚‰ã¼1å‘¨å¹´ãŠã‚ã§ã¨ãƒ¼ï¼ï¼
ã“ã‚Œã‹ã‚‰ã‚‚ãšã£ã¨å¿œæ´ã—ã¦ã¾ã™ï¼ï¼",https://drive.google.com/open?id=1hF5orxp2vHXyHsavqGqqR4vZiaNgw-VQ,
6/28/2021 1:44:16,Badingading#8424,Badingading,United States of America,,Congratulations on your first anniversary everyone!  I look forward to another year of fun with all of you!,,
6/28/2021 2:56:45,@akubi_darake,ã²ã‚‰ã„ ã„ã¡ã€‚,Japan,https://drive.google.com/open?id=1b6uI3t7GWwW4NBkwAraov-xVIC0SpdDs,"â€ª4äººãã‚Œãã‚Œé•ã£ãŸå¼·ã•ã‚’ã‚‚ã£ã¦ã„ã¦ã€é›†ã¾ã£ãŸã‚‰ç„¡æ•µã«ãªã‚‹ï¼ï¼â€¬
â€ªãã‚“ãªã­ã½ã‚‰ã¼ã­ã½ã‚‰ã¼ãŒå¤§å¥½ãã§ã™ã€‚â€¬
â€ª1å¹´é–“ãŸãã•ã‚“ã®ç¬‘é¡”ã‚’ãã‚Œã¦ã‚ã‚ŠãŒã¨ã†ã€‚â€¬
â€ª1å‘¨å¹´ãŠã‚ã§ã¨ã†ã”ã–ã„ã¾ã™ï¼ï¼â€¬",https://drive.google.com/open?id=1NwMHM0tFQC8J5PtrkUTJw_5ZNxtMqyJG,
6/28/2021 11:51:50,Lkes#2239,Lkes,Colombia,https://drive.google.com/open?id=1WUxS8McgC6Y_ohmMG3sD7KIL1lvRqDIL,"Con cariÃ±o para las mejores idols de hololive, mi apoyo incondicional hasta el final y gracias por todo su esfuerzo.",https://drive.google.com/open?id=1IddcDl_XY9BOmnliFS8zsznOej2rPhP6,Deviant Art: gmghost /  Twitter: @GMGhostArt
6/29/2021 0:59:35,ceej#0061 / @_revelink,ã›ã¡ã‚ƒã‚“ceej,Philippines,https://drive.google.com/open?id=1YYu2jDECMCdtp5NZh3iUY3olZH03G8jX,"ã­ã½ã‚‰ã¼ ã€1å‘¨å¹´ãŠã‚ã§ã¨ã†ã”ã–ã„ã¾ã™ï¼ï¼ï¼
ã“ã‚Œã‹ã‚‰ã‚‚å¿œæ´ã—ã¦ã„ã¾ã™ğŸ¥ŸğŸªâ˜ƒï¸â™Œ",,
6/29/2021 4:29:13,é›ªé¢¨ã¨ãã¿#8459 / @tokimi_yukikaze,é›ªé¢¨ã¨ãã¿,Japan,https://drive.google.com/open?id=1N3WDcCWgUej4ThWZ_7NwCmxY0xIRYaoV,"åº§é•·ã€ãƒ‡ãƒ“ãƒ¥ãƒ¼1å‘¨å¹´ãŠã‚ã§ã¨ã†ã”ã–ã„ã¾ã™ï¼ğŸ‰

ä»Šã¾ã§ãŸã æ¼«ç„¶ã¨ç°è‰²ã®æ—¥ã€…ã‚’éã”ã—ã¦ã„ãŸãƒœã‚¯ã ã‘ã©ã€å‡ºä¼šã£ãŸãã®æ™‚ã‹ã‚‰ã€ç›®ã«æ˜ ã‚‹ä¸–ç•ŒãŒã¾ã‚‹ã§ã‚­ãƒ©ã‚­ãƒ©ã¨è‰²ä»˜ã„ãŸã‚ˆã†ã«æ„Ÿã˜ã‚‰ã‚Œã¾ã—ãŸ
æ¥½ã—ã„ã“ã¨ã‚‚å¬‰ã—ã„ã“ã¨ã‚‚ãã†ã˜ã‚ƒãªã„ã“ã¨ã‚‚ãŸãã•ã‚“ã‚ã£ãŸã‘ã©ã€ã“ã®1å¹´æ™‚é–“ãŒçµŒã¤ã®ãŒå…‰ã®çŸ¢ã®ã‚ˆã†ã«ã‚ã£ã¨ã„ã†é–“ã§ã€ç¬‘ã£ãŸã‚Šæ³£ã„ãŸã‚Šæ„Ÿæƒ…ã‚¸ã‚§ãƒƒãƒˆã‚³ãƒ¼ã‚¹ã‚¿ãƒ¼ã¿ãŸã„ã§ã—ãŸw

ã“ã®ä¸–ç•Œã«ç”Ÿã¾ã‚Œã¦ãã¦ãã‚Œã¦ã€ãƒœã‚¯ã®å‰ã«é¡•ã‚Œã¦ãã‚Œã¦ã€ã»ã‚“ã¨ã«æœ¬å½“ã«ã‚ã‚ŠãŒã¨ã†
é¡˜ã‚ãã°ã€ã“ã®å–œã³ã¨æ„Ÿè¬ã¨ç¥ç¦ãŒã€å°‘ã—ã§ã‚‚è²´å¥³ã®å…ƒã«å±Šãã¾ã™ã‚ˆã†ã«
ãã—ã¦ã“ã‚Œã‹ã‚‰å…ˆã‚‚è²´å¥³ã®è¡Œãé“ãŒç´ æ•µãªã‚‚ã®ã«ãªã‚Šã¾ã™ã‚ˆã†ã«

ãƒãƒ«ã‚«ã€å¥½ãã ã‚ˆã€å¤§å¥½ãã€æ„›ã—ã¦ã‚“ã§",https://drive.google.com/open?id=1oUosH8Os8hsQsOOxqiMawV_7xaSuAoSC,
6/29/2021 8:08:54,nonJerry#0001,nonJerry,Germany,https://drive.google.com/open?id=1vECTP12X1FnrzRQMiVOdiU1F_JpA4fSf,Thank you for being a source of joy for a whole year now! Everyone of you is incredible in their own way and it is fun to drop by in any of your streams. I love your chemistry as generation and hope that it will not break. Thank you for being my first VTubers I ever watched!,,
6/29/2021 17:12:54,Misamisatoto#9332,Misa,Philippines,https://drive.google.com/open?id=1P_1slr9JifU-OTMu0jMh27YACLbuSjYE,"I'm bad with words.. and my words aren't enough to express it well..But after years of treating art as a job and a pain in the ass chore, I can finally say that I am genuinely having fun drawing again and It's all because of you guys. Thank you so much for everything. Thank you for saving me. ",https://drive.google.com/open?id=1itTBVKPZsP8ofWNLbZdj9qkhEz4_itA8,
6/29/2021 19:09:48,#7521 / @itsyoboibrent,ItsyoboiBrent,Philippines,https://drive.google.com/open?id=1TOf4luRjI0OHCABTUU5aU0DeBEoNH3Q0,ã­ã½ã‚‰ã¼ï¼‘å‘¨å¹´ãŠã‚ã§ã¨ã†ã”ã–ã„ã¾ã™ï¼ï¼ï¼ã‚ã‚ŠãŒã¨ã†ã¿ã‚“ãªï¼ã‚ãªãŸã®é…ä¿¡ã¯ã™ã¹ã¦ã¨ã¦ã‚‚æ¥½ã—ã„ã§ã—ãŸï¼æœªæ¥ã®é…ä¿¡é ‘å¼µã£ã¦ãã ã•ã„ã­ï¼ï¼ï¼ï¼ï¼I wish the best for all of you! ğŸ‰ğŸ‰â¤ğŸ¤ğŸ’™ğŸ§¡,https://drive.google.com/open?id=1xq3bD4JoqlJpImLU4tp_Vvn1VmJCWZ-N,
6/29/2021 19:54:29,mohi(#4892) / mohiã€åº§å“¡ã€‘ã‚‚ã²(@holoholopolka),mohiã€åº§å“¡ã€‘ã‚‚ã²,Japan,https://drive.google.com/open?id=1KKfZe5PaBknC-TL4PJ03Fh1r4c3Zottj,"ã­ã½ã‚‰ã¼ã®çš†ã•ã‚“ã€ï¼‘å‘¨å¹´ãŠã‚ã§ã¨ã†ã”ã–ã„ã¾ã™ï¼

å®šæœŸçš„ã«è¡Œã‚ã‚Œã‚‹ã­ã½ã‚‰ã¼ã®ä¼ç”»ã€å¤§å¥½ãã§ã™ã€‚
è‡ªåˆ†ã«ã¨ã£ã¦Vtuberã®å§‹ã¾ã‚Šã¯ï¼•æœŸç”Ÿã®çš†ã§ã‚ã‚Šã€ã‚ã®ã‚¿ã‚¤ãƒŸãƒ³ã‚°ã§ã®ãƒ‡ãƒ“ãƒ¥ãƒ¼ãŒãªã‹ã£ãŸã‚‰ã€ã‚‚ã—ã‹ã—ãŸã‚‰ä¸€ç”Ÿï¼•æœŸç”Ÿã‚‚ãƒ›ãƒ­ãƒ©ã‚¤ãƒ–ã‚‚çŸ¥ã‚‹ã“ã¨ã¯ãªã‹ã£ãŸã¨æ€ã„ã¾ã™ã€‚æœ¬å½“ã«æ„Ÿè¬ã—ã‹ã‚ã‚Šã¾ã›ã‚“ã€‚

ä»Šã¯æœ€åˆã®é ƒã‚ˆã‚Šã‚‚æ›´ã«ãŠäº’ã„ã®äº‹ã‚’ä¿¡é ¼ã—ã‚ã£ã¦ã‚‹æ§˜å­ã‚’è¦‹ã‚‹äº‹ãŒã§ãã€ã­ã½ã‚‰ã¼é…ä¿¡ãŒã‚ã‚‹ãŸã³ã«ãƒ‹ãƒ¤ãƒ‹ãƒ¤ã—ã¦ã—ã¾ã„ã¾ã™ã€‚å‘¼ã³æ–¹ãŒãƒ•ãƒ©ãƒ³ã‚¯ã«ãªã£ã¦ã„ãŸã‚Šã€è‰¯ã„æ„å‘³ã§ã®ç„¡ç¤¼è¬›ã«ãªã£ã¦ã„ãŸã‚Šã™ã‚‹ã®ãŒå¤§å¥½ãã§ã™ã€‚

ã“ã‚Œã‹ã‚‰ã‚‚ãšã£ã¨ä»²è‰¯ã—ãªã­ã½ã‚‰ã¼ã§å±…ã¦ãã ã•ã„ã€‚ã„ã¤ã‹ã€ãŠæ³Šã‚Šä¼šã¨ã‹ã—ã¦æ¬²ã—ã„ãªã€‚
ã­ã½ã‚‰ã¼ã¯æœ€é«˜ã®ç™’ã‚„ã—ã§ã™ã€‚",,
6/30/2021 2:21:09,ã¿ã‚“ã¨ï¼ˆã¿ã‚“ã¨#1943ï¼‰/ ã¿ã‚“ã¨ï¼ˆ@310__chocolateï¼‰,ã¿ã‚“ã¨,Japan,https://drive.google.com/open?id=1yn74YE4_MKwaecr-PKNdY5iHxsaCxnQX,ã­ã½ã‚‰ã¼ã®çš†æ§˜ï¼1å‘¨å¹´ãŠã‚ã§ã¨ã†ã”ã–ã„ã¾ã™ï¼ã„ã¤ã‚‚ã‚ã¡ã‚ƒã‚ã¡ã‚ƒä»²è‰¯ãã—ã¦ã„ã¦ã€è¦‹ã¦ã„ã¦ã¨ã¦ã‚‚å…ƒæ°—ã‚’è²°ãˆã¾ã™ã€‚ã“ã‚Œã‹ã‚‰ã‚‚çš†ã•ã‚“ã®ã“ã¨ã‚’å¿œæ´ã—ã¦ã„ãã¾ã™ã€‚,,
6/30/2021 5:10:19,Say Oh You#4990,Sayohyou,Mexico,https://drive.google.com/open?id=1t_AJY1O8y6lPVh_UXP8NQH0EVMwh9TqY,"I wasn't a fan of Hololive when the 5th gen debuted, but after watching the 5th gen I knew that I would keep being a hololive fan, it had been 6 months since I know about hololive, and being a fan, specifically a 5th gen fan, makes my days brighter. Thank you, for giving me so much happy moments",https://drive.google.com/open?id=1J8FhHsG8LcjNuOF_6M7WFuEMu0cATSSq,
6/30/2021 13:15:16,@oshineko_holo,æ¨ã—äº‹ã­ã“,Japan,https://drive.google.com/open?id=19nD-oW7WIILZ6CcvcYbkplCrqDO933vK,"1å‘¨å¹´ãŠã‚ã§ã¨ã†ã”ã–ã„ã¾ã™ï¼ï¼
æ–°ç¤¾ä¼šäººã¨ãªã‚Šã€ã ã‚“ã ã‚“ä»•äº‹ã«è¡Œãã®ãŒè¾›ããªã£ã¦ã„ãŸã¨ããƒ›ãƒ­ãƒ©ã‚¤ãƒ–ã«ã€5æœŸç”Ÿã«å‡ºä¼šã„ã¾ã—ãŸã€‚
æœ€åˆã¯ãŸã ãªã‚“ã¨ãªãè¦‹ã¦ã„ã‚‹ã ã‘ã ã£ãŸã®ã«ã€ãã®ã†ã¡å¿œæ´ã—ãŸã„ã¨æ€ã†ã‚ˆã†ã«ãªã‚Šã€ä»Šã§ã¯è‡ªåˆ†ã®ç”ŸããŒã„ã«ãªã‚Šã¾ã—ãŸã€‚
æ™®æ®µã‹ã‚‰æ¥½ã—ã„é…ä¿¡ã‚’ã‚ã‚ŠãŒã¨ã†ã”ã–ã„ã¾ã™ï¼ã“ã‚Œã‹ã‚‰ã‚‚ãŠä½“ã«æ°—ã‚’ä»˜ã‘ã¦ã€é ‘å¼µã‚Šã™ããªã„ç¨‹åº¦ã«é ‘å¼µã£ã¦ãã ã•ã„ï¼ãšã£ã¨ãšã£ã¨å¿œæ´ã—ã¦ã„ã¾ã™ï¼ï¼ï¼",,
6/30/2021 13:28:51,ç…å­ç´…ç‡’é°»#9750 / @WestLee_Ar,WEST,Taiwan,https://drive.google.com/open?id=129B3VimFPcWbjaJlLUaf7FncrZ8Ny3-D,é€™æ¨£èªªä¹Ÿè¨±èª‡å¼µäº†ï¼Œä½†åŠªåŠ›è‘—çš„äº”æœŸç”Ÿçš„å„ä½ç¢ºå¯¦æ‹¯æ•‘äº†æˆ‘ã€‚æˆ‘æ˜¯æµ·å¤–è§€çœ¾ï¼Œä»Šå¾Œä¹Ÿæœƒä¸€ç›´æŒçºŒé—œæ³¨è‘—çš„ï¼Œæ­å–œå‡ºé“ä¸€å‘¨å¹´!,https://drive.google.com/open?id=1EG05WysCIx0HHC4yHJQIK8lXljLLeKHj,
6/30/2021 13:37:01,ãƒãƒƒãƒ†ã‚£ãƒ¼ãƒ‹#6685/@Marttiiini,ãƒãƒƒãƒ†ã‚£ãƒ¼ãƒ‹,Japan,https://drive.google.com/open?id=1OyjywkyEIBHvBZado0mJzD9q4B90atid,"ã­ã½ã‚‰ã¼æ´»å‹•1å‘¨å¹´ãŠã‚ã§ã¨ã†ã”ã–ã„ã¾ã™ï¼ï¼
äººç”Ÿã«å½©ã‚Šã‚’ä¸ãˆã¦ãã‚Œã¦ã‚ã‚ŠãŒã¨ã†ï¼ï¼
ã“ã‚Œã‹ã‚‰ã®æ´»èºã‚‚æœŸå¾…ã—ã¦ã¾ã™ï¼",,
6/30/2021 15:14:38,@robotta86,ã‚ã¼ã£ãŸ,Prefer not to say / ç­”ãˆãŸããªã„,https://drive.google.com/file/d/1MxnRcNs6h_ywF--n79HHxFgT7eTK1DGU/view?usp=sharing,-,https://drive.google.com/file/d/1wEFefmuz1dRQbiG4uyA3duUjacbC3svB/view?usp=sharing,
6/30/2021 18:18:49,è’¼æ³‰#1429/@helenyeh_seer,è’¼æ³‰,Taiwan,https://drive.google.com/open?id=1IhhQGWrPEPYBoqresIsuv7kTrRqLIyJD,"I'm your female fan! Although I can't always watch your live stream, my life has gotten better since I met you. I will support you forever, and you must be the spiritual pillar of many viewers.Please continue to bring laughter to everyone!",https://drive.google.com/open?id=1YvIQfEyFqLZjjZf-C6pX3w3KkNhlHFRk,
7/1/2021 0:31:21,ë„¤ë¡œ#7777,Nero,Japan,,ã­ã½ã‚‰ã¼5000000å‘¨å¹´ãŠã‚ã§ã¨ã†ï¼ï¼ï¼1å„„å¹´ã¾ã§é ‘å¼µã£ã¦ï¼ï¼ï¼ï¼ï¼ï¼ï¼ï¼,,
7/1/2021 1:39:44,ian#0201,å¤ªé™½,Prefer not to say / ç­”ãˆãŸããªã„,https://drive.google.com/open?id=1j1a1JX1EQ7MJfj4pqtUXlris0UmUR-uU,"Hi Generation 5! Thank you so much for bringing us so much joy and happiness over the last year! It's been such a great experience to grow, laugh and smile with you all ever since your debut. I hope we can keep going through life, its difficulties and its joys together into the future.",,
7/1/2021 2:18:54,CarlosLee00357#5009,carloslee00357,Hong Kong,,æ„Ÿè¬åœ¨é€™å›°é›£çš„ä¸€å¹´é‡ä¸Šä½ å€‘!! å¸Œæœ›ä½ å€‘æ„Ÿæƒ…å¯ä»¥æ°¸é éƒ½é€™æ¨£å¥½~5æœŸç”ŸForever!! ,,
7/1/2021 3:25:19,é›ªé¢¨ã¨ãã¿#8459 / @tokimi_yukikaze,é›ªé¢¨ã¨ãã¿,Japan,https://drive.google.com/open?id=17qgiceLWUsi_MS5S4M1ECgrKu15Mdx_n,"ãƒãƒ«ã‚«ã€ã­ã­ã¡ã€ã—ã—ã‚ã‚“ã€ãƒ©ãƒŸã‚£ã¡ã‚ƒã‚“
ãƒ‡ãƒ“ãƒ¥ãƒ¼1å‘¨å¹´ãŠã‚ã§ã¨ã†ï¼

ã“ã®1å¹´ã€æœ¬å½“ã«ã„ã‚ã‚“ãªã“ã¨ãŒã‚ã£ãŸã‘ã©ã€ã¿ã‚“ãªã®ãŠã‹ã’ã§æ¥½ã—ãå…ƒæ°—ã«æ—¥ã€…ã‚’é€ã‚Œã¦ã„ã¾ã™
ã­ã½ã‚‰ã¼ã®ã‚³ãƒ©ãƒœã¨ã‹ã‚‚ã»ã‚“ã¨ã«æ¯å›ãŠè…¹æŠ±ãˆã¦çˆ†ç¬‘ã—ãªãŒã‚‰æ¥½ã—ã‚“ã§ã¾ã™

ãªã‹ãªã‹æ€ã„é€šã‚Šã«ãªã‚‰ãªã‹ã£ãŸã‚Šã€ä¸Šæ‰‹ãã„ã‹ãªã„ã“ã¨ã¨ã‹ã‚‚ãŸãã•ã‚“ã‚ã£ã¦æ¥½ã—ã„ã“ã¨ã°ã£ã‹ã‚Šã£ã¦ã‚ã‘ã«ã¯ã„ã‹ãªã„ã‹ã‚‚ã—ã‚Œãªã„
ãã‚Œã§ã‚‚æœªæ¥ã¸å‘ã‹ã£ã¦é€²ã‚“ã§ã„ãã¿ã‚“ãªã¯æœ¬å½“ã«ç´ æ•µã§ã€ã„ã¤ã‚‚ã‚­ãƒ©ã‚­ãƒ©è¼ã„ã¦ã‚‹
ãã‚“ãªè²´å¥³ãŸã¡ã ã‹ã‚‰ã€ã“ã“ã¾ã§é“ãŒç¶šã„ã¦ããŸã®ã‹ãªã€ã£ã¦

5æœŸç”Ÿã¿ã‚“ãªã®æœªæ¥ãŒã€ä»Šã‚ˆã‚Šã‚‚ã£ã¨ã‚‚ã£ã¨è¼ã‹ã—ã„ã‚‚ã®ã«ãªã‚Šã¾ã™ã‚ˆã†ã«âœ¨

ã‚„ã£ã±ã€ã»ã‚ãµãã„ã¶ã—ã‹å‹ãŸã‚“ï¼",,
7/1/2021 16:22:50,AkoAyPayaso#6950,AkoAyPayaso,Philippines,https://drive.google.com/open?id=1pItfr-tQYj_rlbmqQliVnX3dxhvx-RAx,"Congratulations on your anniversary, NePoLaBo! It has been a very fruitful and meaningful year for all of you! All those collaborations, streams, and events are so much fun! Hope to see more in the future!",,
7/1/2021 18:18:25,@DivePart,Eternal DIVE PART II,Prefer not to say / ç­”ãˆãŸããªã„,,Congratulations on 1st anniversary of 5th Gen! Thank you for all the effort you have put in.  Here's wishing you good luck for a bright and prosperous future. ã“ã‚Œã‹ã‚‰ã‚‚é ‘å¼µã£ã¦ãã ã•ã„ã­ï¼ç§ãŸã¡ã¯ã„ã¤ã‚‚ã­ã½ã‚‰ã¼ã®ã¿ãªã•ã‚“ã‚’å¿œæ´ã—ã¦ã„ã¾ã™ï¼ã„ã¤ã‚‚æœ€é«˜ã®é…ä¿¡ã‚’ã‚ã‚ŠãŒã¨ã†ï¼ï¼ï¼,,
7/1/2021 18:56:26,ã‚ã¾ã#3177,ã‚ã¾ã,Japan,,1å‘¨å¹´ãŠã‚ã§ã¨ã†ï¼ã„ã¤ã‚‚æ¥½ã—ã„æ™‚é–“ã‚’ã‚ã‚ŠãŒã¨ã†ï¼ã“ã‚Œã‹ã‚‰ã‚‚ãšã£ã¨å¿œæ´ã—ã¾ã™ï¼ï¼,,
7/1/2021 21:05:12,ä¿æ‘æˆã€ã»ã‚€ã‚‰ã¿ã®ã‚Šã€‘(@izumochi01),ä¿æ‘,Japan,https://drive.google.com/open?id=1B77AnQ20YTRkhV1fQm0NgHYSPicjgVze,ã­ã½ã‚‰ã¼1å‘¨å¹´ãŠã‚ã§ã¨ã†ã”ã–ã„ã¾ã™ï¼ã‚‚ã†1å¹´çµŒã£ãŸã®ã‹ã¨æ€ã†ã¨ã€ã¨ã¦ã‚‚æ—©ãæ„Ÿã˜ã¾ã™ï¼ã“ã‚Œã‹ã‚‰ã®1å¹´ã‚‚ãŠä½“ã«æ°—ã‚’ã¤ã‘ã¦é…ä¿¡ã—ã¦é ‚ã‘ãŸã‚‰å¹¸ã„ã§ã™ï¼çš†æ§˜ã®é…ä¿¡ã€ã¨ã¦ã‚‚æ¥½ã—ãè¦‹ã•ã›ã¦ã„ãŸã ã„ã¦ãŠã‚Šã¾ã™ï¼ã“ã‚Œã‹ã‚‰å¿œæ´ã—ç¶šã‘ã¦ãŠã‚Šã¾ã™ï¼5æœŸç”Ÿã•ã„ã¤ã‚ˆï¼ï¼ï¼ï¼ï¼,https://drive.google.com/open?id=10xiGlhAXyHiIepROmD2aImyz9fZLAVze,ä¿æ‘æˆã€ã»ã‚€ã‚‰ã¿ã®ã‚Šã€‘(@izumochi01)
7/1/2021 23:51:39,ãƒŠã‚ªã‚­#0212 / @naokitype,ãƒŠã‚ªã‚­,Japan,,"ã­ã½ã‚‰ã¼ã®çš†ã•ã‚“1å‘¨å¹´ãŠã‚ã§ã¨ã†ã”ã–ã„ã¾ã™ï¼ï¼
ã­ã½ã‚‰ã¼ã‚³ãƒ©ãƒœã¯å¸¸ã«ä»²è‰¯ããƒ—ãƒ­ãƒ¬ã‚¹ã—ã¦æœ¬å½“ã«æ¥½ã—ã„ã§ã™ã€‚ã­ã­ã½ã‚‹ã¯ã‚¤ã‚¿ã‚ºãƒ©ã£å­å§‰å¦¹ã€‚ã­ã­ãƒ©ãƒŸã¯ã¾ãŒã¾ãŒãƒ¼ãšã€‚ã­ã­ã¼ãŸã¯å¾®ç¬‘ã¾ã—ã„æ¯å¨˜ã€‚ãƒ©ãƒŸãƒãƒ«ã¯ã¦ã‡ã¦ã‡ã€‚ã—ã—ã‚‰ã¿ã¯ãƒ›ãƒ©ãƒ¼ã¦ã‡ã¦ã‡ã€‚ã—ã—ãƒãƒ«ã¯ã‘ã‚‚ã®ã‚µãƒ¼ã‚«ã‚¹ã€‚ã¿ã‚“ãªã™ã”ãå¥½ãã€‚ã“ã‚Œã‹ã‚‰ã‚‚ä»²è‰¯ãç¬‘ã„åˆã£ã¦è¡Œã£ã¦ãã ã•ã„ï¼",,
7/3/2021 16:22:30,@SanzeGorouART,ä¸‰ä¸–å¾éƒ,Taiwan,https://drive.google.com/open?id=1uuBMPnrosCj7ZT5SwpmrI52IdqucqCJc,æ­å–œå‡ºé“ä¸€å‘¨å¹´!!è¬è¬å¦³å€‘å¸¶çµ¦æˆ‘å€‘æ„‰æ‚…çš„æ™‚å…‰,https://drive.google.com/open?id=1VZnT1iomkFqj86x6oJp3lFS3vkxw0UMQ,
7/3/2021 16:57:11,ä»Šæ—¥ã‹ã‚‰é‡‘ä½¿ã†ã“ãƒ¼ã¸ãƒ¼#6963,ä»Šæ—¥ã‹ã‚‰é‡‘ä½¿ã†ã“ãƒ¼ã¸ãƒ¼,Japan,https://drive.google.com/open?id=1lBk12KoG-HDmOeQ1Igpy_6_OmJwAAsQF,1å‘¨å¹´ãŠã‚ã§ã¨ã†ã”ã–ã„ã¾ã™ï¼ï¼æ¥½ã—ã„ã“ã¨ã‚‚å¤§å¤‰ãªã“ã¨ã‚‚ã‚ã£ãŸï¼‘å¹´ã ã£ãŸã¨æ€ã„ã¾ã™ãŒã€ã­ã½ã‚‰ã¼ã®ï¼”äººãªã‚‰ã“ã‚Œã‹ã‚‰ã‚‚ä¹—ã‚Šè¶Šãˆã€è¼ã„ã¦ã„ã‘ã‚‹ã¨æ€ã„ã¾ã™ï¼ï¼ï¼‘ãƒªã‚¹ãƒŠãƒ¼ã¨ã—ã¦ã€ã“ã‚Œã‹ã‚‰ã‚‚å¿œæ´ã—ã¦ã„ã¾ã™ï¼ï¼,,
7/4/2021 16:45:32,Kotoji#8807/@KotojiEnvoy,ã‚³ãƒˆã‚¸å¹¸æ™‚,Malaysia,https://drive.google.com/open?id=1MPqrki6G3rK_MO_8aJkLVuMFI3EV2rNG,"Happy 1 year anniversary to NePoLaBo, you guys have come a long way in this one year, keep up the great job as an Idol and most importantly, keep work hard on your passions, and thank you for being in Hololive and I will always support you all.",https://drive.google.com/open?id=1CF0qynWYGYgc0P1HALABJk2IhVKBPZQH,
7/6/2021 4:47:59,X-Kill#1019,X-Kill,Mexico,https://drive.google.com/open?id=1XAeqk1Q_rZkMXjza0-JbuThoNyBN9uEc,"Congratulations for one year since your anniversary girls!
There's been so much things that changed, each one of you has grown so much in your own unique way, yet your bonds are stronger than ever before.

Watching you all collab and having fun is just like seeing a loving family, You're amazing!",https://drive.google.com/open?id=1YmJnOM8TQY-3ihWOdvZwsIrDs4V8Yuyc,
7/6/2021 8:08:50,Nyara#0267,Nyara ,United States of America,https://drive.google.com/open?id=1isPcFL_72-hueVvRffAEikuAIEhYoM3d,"Congratulations on your first anniversary, NePoLaBo! It's been a rough path but you're here now and with a ton of fans that love you. I hope for the continued success of you all in 5th gen, and may we have many more years to come.",,
7/6/2021 12:06:37,tastelikenyan#1687 / @tastelikecoke,tastelikecoke,Philippines,https://drive.google.com/open?id=1q-gzSbNRTHQacjnYATshCZe0FexVCUv7,ãƒ›ãƒ­ãƒ©ã‚¤ãƒ–ï¼•æœŸç”Ÿã„ã¤ã‚‚å¿œæ´ã—ã¦ã„ã¾ã™ï¼ï¼ Thanks for all the fun streams hololive 5th generation! I will always support you guys \o/,https://drive.google.com/open?id=1BYriOa4A4gtYUVutxsZYdyXtvyoJnPsS,
7/8/2021 0:09:17,Raze Yukihana#9440 / Razeé›ªèŠ±(@RazeYukihana),Razeé›ªèŠ±,Singapore,https://drive.google.com/open?id=1MZrVm_eTbyiysJKPHCni2XFCM3mUIpc8,"Happy 1st Anniversary NePoLaBo! It's already been a year. Fun times goes by so quickly like a blink of an eye. I am very thankful for all the fun and memorable content that all of you have shown me! I wish NePoLaBo will stay forever!

I love everyone in 5th Generation!
ãƒ½(*âŒ’âˆ‡âŒ’*)ï¾‰",https://drive.google.com/open?id=1lwUUBrYOytT7Mht8zLsenSPVx9DGWADh,
7/8/2021 16:49:30,Technez#5989,Technez,Prefer not to say / ç­”ãˆãŸããªã„,,Watching all of your streams always brightens up my day! This year together was one of the best and I can't wait for more!,,
7/8/2021 23:33:54,ayAto.pptx#5124,ayAto.pptx,Japan,https://drive.google.com/open?id=1mRcQD2rQi5Y2fzD28X6wr4CF-ictw9VT,"ã­ã½ã‚‰ã¼ä¸€å‘¨å¹´ãŠã‚ã§ã¨ã†ã”ã–ã„ã¾ã™ğŸ‰
å››äººãŒé›†ã¾ã‚‹é…ä¿¡ã¯ã‚ã¡ã‚ƒã‚ã¡ã‚ƒã—ã¦ã¦ã¨ã¦ã‚‚æ¥½ã—ãè¦‹ã•ã›ã¦é ‚ã„ã¦ã„ã¾ã™ï¼
ã­ã½ã‚‰ã¼ã®é…ä¿¡ã‚’è¦‹ãŸå¾Œã¯å‹é”ã¨ã‚ªãƒ³ãƒ©ã‚¤ãƒ³é£²ã¿ä¼šã—ãŸããªã£ã¦ã—ã¾ã„ã€ä»Šã§ã¯é€±ä¸€ãƒšãƒ¼ã‚¹ã§é£²ã¿ä¼šã‚„ã‚‹ã‚ˆã†ã«ãªã‚Šã¾ã—ãŸã€‚
ã“ã‚Œã‹ã‚‰ã‚‚æ¥½ã—ãé…ä¿¡è¦‹ã•ã›ã¦ã‚‚ã‚‰ã„ã¾ã™ï¼
æ²¢å±±ã®æ¥½ã—ã„é…ä¿¡ã‚’ã‚ã‚ŠãŒã¨ã†â—ï¸",,
7/9/2021 2:44:14,LeagueOfPenguins#0237,League of Penguins,Spain,https://drive.google.com/open?id=1OLsF0BbB3GxEkAPwcE67jEuUC3sOjovv,Love your forever YEAHH,,
7/9/2021 2:52:14,chan-chan#4247,Chan-Chan,United Kingdom,,ã­ã½ã‚‰ã¼ä¸€å‘¨å¹´ç¥ãŠã‚ã§ã¨ã†ã€‚é›£ã—ã„å§‹ã‚ãªã®ã«ã€å¼·ã„ã‚ˆã‚Šã‚‚æˆ»ã£ãŸã­ã€‚åƒ•ã®å¤§å¥½ããªãƒ›ãƒ­ãƒ©ã‚¤ãƒ–æœŸç”Ÿã®ä¸€ã¤ã§ã™ã‹ã‚‰ã‚ˆã€‚ã‚‚ã£ã¨æ¥½ã—ã„æ™‚é–“ã‚’æ¥½ã—ã¿ã«ã—ã‚ˆã†ï¼,,
7/9/2021 6:36:39,Ryukoshin#8997 / @ryuraan,Ryuran,France,https://drive.google.com/open?id=1DUF6hyOdrESsog0dKVsSDBLyetfEDosR,"I discovered GEN5 very recently, at the beginning of the year. As time went on, I watched at least one stream of Botan-chan, Lamy-chan, Polka-chan, Nenechi and I can say that I appreciate you very much and I will continue to watch your streams. I love you so much! Long live GEN 5 forever!",,
7/9/2021 7:29:39,JoTerry Kujo#7926,NamingSystem,United States of America,https://drive.google.com/open?id=1qB5_E0CR7-fWBuUUsejCywsaJNqTZJaM,"Happy Anniversary NePoLaBo!! You all have done a great job making it this far. I love watching you 4, especially when youâ€™re having fun! Youâ€™re the reason why I still love Hololive. Thank you for all your hard work! I wish you all luck for your second year. May it be a great one!",,
7/9/2021 8:28:34,Jandope # 5695,,Philippines,,2020å¹´ã‚’æ¥½ã—ãéã”ã›ãŸã“ã¨ã«æ„Ÿè¬ã—ã¦ã€2021å¹´ã‚‚ä¸€ç·’ã«æ¥½ã—ã„å¹´ã«ã—ã¾ã—ã‚‡ã†ã€‚,,
7/9/2021 9:10:58,Discord Name (ShioManju [SSRB]#8663) / Twitter Name (@Shio_Manjuu),ShioManju,Canada,https://drive.google.com/open?id=1NGgD6EgPW6pbG09Pv-GXA-96TK20r1lO,"Hello NePoLaBo, I've been a fan of all of you since your debut together and you've been all marvelous. I love the bonds you girls have together and I hope it stays that way for a long time, even after you girls are done with your vtubing career. Cheers and hopes from ShioManju!",,
7/9/2021 22:37:20,Asare#1618/@idaaayle,Asare,Philippines,https://drive.google.com/open?id=1vJnaHB70vArup3z-l-sYZ59Bw5nm6Lu1,"KonNePoLaBo! ãŠã‚ã§ã¨ ã”ã–ã„ã¾ã™! Holofive is my favorite generation and I thank you for all the memories we have made. We, the fans, are very grateful to watch you grow and will support you unconditionally! Cheers to more è‰ and more memories! 5th Gen Saikooooooooooo!",,
7/10/2021 1:48:02,ç´…è‘‰#6560/@buta_tukune,ç´…è‘‰(ã‚‚ã¿ã˜ãƒ»ã“ã†ã‚ˆã†ãƒ»ã‚¯ãƒ¬ãƒ),Japan,https://drive.google.com/open?id=1uOtbGdKQfQFWzFxp9xyUBz4XfZkAymjZ,4äººã¨ã‚‚1å‘¨å¹´ãŠã‚ã§ã¨ã†ï¼ï¼ï¼è‰²ã€…å¤±æ•—ã—ã¡ã‚ƒã£ãŸæ—¥ã€ãã‚“ãªæ™‚ã«ã­ã½ã‚‰ã¼é…ä¿¡ã‚’è¦‹ã‚‹ã¨æœ¬å½“ã«å…ƒæ°—ã«ãªã‚‹ï¼ãƒ¢ãƒ¼ãƒªãƒ¼ã‚ªãƒ³ãƒ©ã‚¤ãƒ³ã®ã‚µã‚¤ãƒ³ã‚¿ãƒšã‚¹ãƒˆãƒªãƒ¼å®¶ã§æˆæ¥­ã‚’å—ã‘ã‚‹å ´æ‰€ã®å¾Œã‚ã«é£¾ã£ã¦ã€ç–²ã‚ŒãŸã‚Šè©°ã¾ã£ãŸã‚Šã—ãŸæ™‚ã«è¦‹ã¦å…ƒæ°—ã‚’ã‚‚ã‚‰ã£ã¦ã„ã¾ã™ã€‚ä¸€ç”Ÿã®æ€ã„å‡ºã§ã€ä¸€ç”Ÿã®å®ç‰©ã«ãªã‚Šã¾ã—ãŸã€‚ã¿ã‚“ãªå¤§å¥½ãï¼ï¼ï¼ã“ã‚Œã‹ã‚‰ã‚‚å¿œæ´ã—ã¦ã„ãã‹ã‚‰ã­ï¼ï¼ï¼ï¼ï¼ï¼,,
7/10/2021 1:53:42,Hiro Loves Trees#9999 / @ELuckHiro1,Hiro,Prefer not to say / ç­”ãˆãŸããªã„,https://drive.google.com/open?id=18ndP9yp1yl0srW6JXsCqk4b8j5O4KPE2,"Happy Anniversary!
Who knew it's been a year? Time really flies when you're having fun!
As years go by, I hope that you four continue to enjoy what you're doing!
Us fans will continue to do our best to support you, of course!",,
7/10/2021 2:45:50,Frappu#8335,Frappu,Mexico,,"When you guys debuted, it was my first time watching a live debut; i dont speak japanese so it was challenging, but thanks to the chat i could get to know you better. I keep watching you from time to time and i want to thank you for all your hard work. The 5 of you have a reserved place in my heart",,
7/10/2021 5:01:02,neeyr#5072 / @zankinoyaiba,ã«ã‡ãƒ¼ã‚,Japan,https://drive.google.com/open?id=1DK_SfvvSQH9T4KETbqCTIa8g-3M0xIjx,ã“ã‚“ã­ã½ã‚‰ã¼ï½ï¼ã¿ã‚“ãªã€1å‘¨å¹´ãŠã‚ã§ã¨ã†ï¼ã“ã‚Œã‹ã‚‰ã‚‚ã©ã‚“ã©ã‚“ã©ã‚“ã©ã‚“ç››ã‚Šä¸ŠãŒã£ã¦ã„ãã‚ˆãƒ¼ï¼,,
7/10/2021 12:30:49,AceCorgi#3082,Hime Yuuki,United States of America,https://drive.google.com/open?id=1cjO4cetRqveV5W3C5MyJ5DLvmTHhnXTR,"Happy anniversary HoloFive! All of you bring something special to the team and us fans enjoy that. Like Botan being a funny gamer cat, Lamy being team mama, and Nene and Polka with their weirdness which show in different ways. I hope you enjoy your anniversary!",,
7/10/2021 14:06:27,vtange#0647,vtange,United States of America,,ï¼•æœŸç”Ÿã®çš†ã•ã‚“ã€ä¸€å‘¨å¹´ãŠã‚ã§ã¨ã†ã”ã–ã„ã¾ã™ï¼ã“ã®ç´ æ™´ã‚‰ã—ã„ä¸€å¹´é–“æœ¬å½“ã«ãŠç–²ã‚Œã•ã¾ã§ã—ãŸã€‚æ¬¡ã®ä¸€å¹´ã€ã©ã‚“ãªå†’é™ºãŒç§ãŸã¡ã‚’å¾…ã£ã¦ã‚‹ã‚“ã§ã—ã‚‡? å…¨åŠ›ã§è¦‹ã«è¡Œãã¾ã—ã‚‡ã†ï¼,,
7/10/2021 14:13:26,é‡åŠ›ãƒšãƒ³ã‚®ãƒ³#9906/é‡åŠ›ãƒšãƒ³ã‚®ãƒ³@jimmyh5397,é‡åŠ›ãƒšãƒ³ã‚®ãƒ³,Taiwan,https://drive.google.com/open?id=1rmsz1-EkCW4J9Uwl0ruOWwocYM301xz-,ã­ã½ã‚‰ã¼ã®ã¿ã‚“ãªã®çµ¡ã¿ãŒå¤§å¥½ãã§ã™ï¼ã“ã‚Œã‹ã‚‰ã‚‚å¿œæ´ã—ã¦ã„ãã¾ã™ã®ã§ã€ã‚ˆã‚ã—ããŠé¡˜ã„ã„ãŸã—ã¾ã™ã€‚,,
7/10/2021 14:33:45,Kyunichi_#9175,Kyunichi_,Philippines,,ãƒ‡ãƒ“ãƒ¥ãƒ¼å½“æ™‚ã‹ã‚‰NePoLaBoã‚’è¦‹ã¦ãã¾ã—ãŸãŒã€ã“ã‚Œã‹ã‚‰ã‚‚è¦‹ç¶šã‘ã¾ã™ ç§ã¯ã€ã‚ãªãŸã®ä¸–ä»£ãŒã‚³ãƒ©ãƒœãƒ¬ãƒ¼ã‚·ãƒ§ãƒ³ã™ã‚‹ã¨ãã®ç›¸æ€§ãŒã¨ã¦ã‚‚å¥½ãã§ã€ãŠäº’ã„ã«å¯¾ã™ã‚‹çœŸæ‘¯ã§ç´”ç²‹ãªæ„›ãŒã‚ˆãã‚ã‹ã‚Šã¾ã™ã€‚ãŠäº’ã„ã®å‹æƒ…ã¯è³è³›ã«å€¤ã—ã¾ã™ã€‚ç§ã¯NePoLaBoãŒå¤§å¥½ãã§ã€ã“ã‚Œã‹ã‚‰ã‚‚çš†ã•ã‚“ã®ãƒ„ã‚¤ãƒ¼ãƒˆã®ç¿»è¨³ã«å…¨åŠ›ã§å–ã‚Šçµ„ã‚“ã§ã„ãã¾ã™,,
7/10/2021 14:43:01,Pericuinkle#5473 / @little_roseus,Pericuinkle,Taiwan,https://drive.google.com/open?id=1ioyhFdIISUp9nKjQOPTq1UtNp8crPdbS,Happy 1st anniversary !!,https://drive.google.com/open?id=1fCUTVnU8I_pgxfsOdg1EKiQSxme1sLuM,
7/10/2021 15:21:56,King Jerky LC_Lapen#3133/@LC_Lapen,LC_Lapen,United States of America,https://drive.google.com/open?id=16dBXKRi2Hoxrj451Va0ztu55fW1wquPX,"One of my favorite Generation! Each member has been so unique and memorable, with their own special style of entertaining and having fun with us and their Hololive seniors and juniors! I'm glad that they joined and I hope our well-wishes and appreciation reaches them well! Arigathanks!",,
7/10/2021 16:32:53,thelitlewiseowl#1774,,Prefer not to say / ç­”ãˆãŸããªã„,https://drive.google.com/open?id=179BedQCOQ15lmQIh-SLcfao2SrTsvj_-,Happy 1 year <3,,
7/10/2021 21:29:00,Naki#4065,Naki,Vietnam,,"Congratulations on 1st year anniversary, NePoLaBo! Thank you all 4 of you for being here, i'm really appreciated for all the fun and laugh that you 4 have gave us, i hope that we all can enjoy and have more fun with each other in this year, NePoLaBo are amazing!",,
7/10/2021 21:36:33,ğŸ§¹BroomğŸ§¹#2052,Conchae Maris,Portugal,https://drive.google.com/open?id=1WJcggEoDczc-P-inmij9Xr6IkG0ecY-D,"Happy Debutversary to Gen 5!!! Being a part of Gen 5's Fanbase has been a wild ride, I've met many people and made many precious memories with them, and it's all thanks to you and your bonds, so thank you and have a good one girls!",,
7/10/2021 21:47:06,Badingading#8424,Badingading,United States of America,,Congratulations on your first anniversary!  NePoLaBo Forever!,,
7/10/2021 21:59:53,@HeyKDHR,Ly,Philippines,https://drive.google.com/open?id=13iv6-Py4EnQpr05oT_zBEDyxvn4L7Vrp,"NePoLaBo 1st ANNIVERSARY CONGRATULATIONS!
Time flies its already been a year since Gen5 debut.
There are some hardships along the way but still fun experience.
I hope you girls are having fun too. Looking forward for more fun and exciting moments along with you, other members and us the fans.",,
7/10/2021 22:00:23,@HeyKDHR,Ly,Philippines,https://drive.google.com/open?id=12QOZ7SCcXe6L3TzBEFj2mRHrmg-VWAw_,"NePoLaBo 1st ANNIVERSARY CONGRATULATIONS!
Time flies its already been a year since Gen5 debut.
There are some hardships along the way but still fun experience.
I hope you girls are having fun too. Looking forward for more fun and exciting moments along with you, other members and us the fans.",,
7/10/2021 22:07:15,ONC,ONC,Prefer not to say / ç­”ãˆãŸããªã„,,1å‘¨å¹´ãŠã‚ã§ã¨ã†ï¼ã“ã‚Œã‹ã‚‰2å‘¨å¹´ã€5å‘¨å¹´ã€10å‘¨å¹´ã‚‚æœŸå¾…ã—ã¾ã™ï¼,,
7/10/2021 22:22:49,Yamachi#1513 @beingyamachi,Yamachi,Prefer not to say / ç­”ãˆãŸããªã„,https://drive.google.com/open?id=1-sBzj6UGbFnAIna1U7_NDcR86aIhgFkb,NeeeeeePooooooLaaaaaaBoooooo!!!! Happy Anniversary! One of year of great fun! Let's have another!,,
7/10/2021 22:24:11,M0M013#8205,Momo Berry,Canada,,"Happy Anniversary, NePoLaBo! Your debut has brightened up my life for the better. Keep creating the same content as you always have. I will support Gen 5 forever! Love you all!!!",,
7/10/2021 22:28:26,Jobi da yo#1726/@Joooobiii,Jobi,Philippines,,HAPPY ANNIVERSARY NEPORABO!!! Congratulations for 1 year!! I wish you all the success s for the comming years! ,https://drive.google.com/open?id=1T9MqBB_mb7nXoKfGjhZ_FfX0tbHBgwc6,
7/10/2021 22:29:52,@renji4404,renji00,Hungary,,"Ne_ver give up.
Po_int to the sky.
La_ugh and smile.
Bo_nds are unbreakable.

ã¯ã„ã€ ã™ã¿ã¾ã›ã‚“ã€‚",,
7/10/2021 22:37:26,Vanilla Thunder #1011,Vanilla Thunder,United States of America,https://drive.google.com/open?id=15lJ31Olj-Jvi9mptBq_2FlgDT5GbqUBf,äº”æœŸç”Ÿã®ã¿ãªã•ã‚“ã€ãƒ‡ãƒ“ãƒ¥ãƒ¼1å‘¨å¹´ãŠã‚ã§ã¨ã†ã”ã–ã„ã¾ã™ï¼ã“ã®ä¸€å¹´é–“ã¯ã¿ãªã•ã‚“ã®ãŠã‹ã’ã§ã€æ¥½ã—ã„æ€ã„å‡ºã¯ãŸãã•ã‚“ã‚ã‚Šã¾ã—ãŸã€‚ã“ã‚Œã‹ã‚‰ã‚‚ãšã£ã¨å¿œæ´ã—ã¦ã„ã¾ã™ï¼,,
7/10/2021 22:37:32,Vanilla Thunder #1011,Vanilla Thunder,United States of America,https://drive.google.com/open?id=1SzWzz7-CNprHu6AKjrontov4GfUWRoV0,äº”æœŸç”Ÿã®ã¿ãªã•ã‚“ã€ãƒ‡ãƒ“ãƒ¥ãƒ¼1å‘¨å¹´ãŠã‚ã§ã¨ã†ã”ã–ã„ã¾ã™ï¼ã“ã®ä¸€å¹´é–“ã¯ã¿ãªã•ã‚“ã®ãŠã‹ã’ã§ã€æ¥½ã—ã„æ€ã„å‡ºã¯ãŸãã•ã‚“ã‚ã‚Šã¾ã—ãŸã€‚ã“ã‚Œã‹ã‚‰ã‚‚ãšã£ã¨å¿œæ´ã—ã¦ã„ã¾ã™ï¼,,
7/10/2021 23:00:21,éœ²éœ²ingrid#2907 / å®®æ‘éœ²éœ²ï¼ˆ@ingridpiggy),éœ²éœ²Ingrid,Taiwan,https://drive.google.com/open?id=10qoqCP1qNHDmegMaPG2PM6gv3Px4mtAs,æˆ‘çœŸçš„å¾ˆå–œæ­¡ã­ã½ã‚‰ã¼çš„äº’å‹•æ–¹å¼å’Œè‡ªç”±çš„æ„Ÿè¦ºï¼Œå¤§å®¶å°±åƒä¸€å€‹æº«æš–çš„å¤§å®¶åº­ï¼ŒåŒæ™‚ä¹Ÿçµ¦äº†æˆ‘æº«æš–ï¼æ²’èƒ½å¾ä¸€é–‹å§‹å°±é‡åˆ°ä½ å€‘æˆ‘æ„Ÿåˆ°å¾ˆå¯æƒœï¼Œæœªä¾†æˆ‘ä¸€å®šæœƒç¹¼çºŒåŠªåŠ›ç‚ºå¤§å®¶æ‡‰æ´çš„ï¼è¬è¬ä½ å€‘é€™éº¼åŠªåŠ›çš„èµ°éä¾†ï¼ç•¶åˆèƒ½å¤ ä¸€å€‹å€‹è¦‹è­‰å¤§å®¶çš„3DåŒ–ä¹ŸçœŸçš„æ˜¯è¶…ç´šæ„Ÿå‹•çš„ï¼Œä¹Ÿå¥½æœŸå¾…çœ‹åˆ°å¤§å®¶ç©¿è‘—å¶åƒæœä¸€èµ·ç«™åœ¨èˆå°ä¸Šçš„é‚£å¤©èƒ½å¤ åˆ°ä¾†å“‡ï¼é¡˜å¤§å®¶èƒ½å¤ ä¸€ç›´å¿«æ¨‚çš„åšç›´æ’­å°±å¥½äº†ï¼Œä¸éä¹Ÿè«‹ä¸€å®šè¦è¨˜å¾—å¶çˆ¾ä¼‘æ¯ä¸€ä¸‹ï¼Œå¦‚æœæå£å¥åº·çš„è©±æˆ‘æœƒé›£éçš„ï¼èƒ½å¤ é‡åˆ°5æœŸç”Ÿçš„å¤§å®¶çœŸæ˜¯å¤ªå¥½äº†ï¼ã„ã¤ã‚‚æœ¬å½“ã«ã‚ã‚ŠãŒã¨ã†ã”ã–ã„ã¾ã™ï¼ä¸€å‘¨å¹´ãŠã‚ã§ã¨ã†ã”ã–ã„ã¾ã™ï¼,,
7/10/2021 23:01:49,tacticaldragon57#5472,Tacticaldragon57,Malaysia,https://drive.google.com/open?id=1VrEWXX-8xJM2o2dM-4ObAvOdGh9mZfje,"Congrats on your 1st anniversary NePoLaBo! I have been supporting you guys since the start and I love all of you! I will always be and stay as a Yukimin, Nekko, SSRB and Omaruza!",,
7/10/2021 23:05:40,BlessingSignal226#6975 / @FumoSignal,Signal226,Chile,,Thank you for all the laughs and good times you've all given us. Let's keep making great memories and enjoy NePoLaBo for a lot of years!,,
7/10/2021 23:10:04,nobooli#3712,nobooli,United States of America,https://drive.google.com/open?id=1evd4juF0VRZ-b24bFpeXZNnREk9Ee-vt,"Congratulations to yall on one year!

It's been a pleasure watching everyone grow comfortable in the hololive family and also continuing to challenge themselves.

Here's to the upcoming second lap, may it be filled with only happy memories and higher milestones!",,
7/10/2021 23:32:38,PhantomZamber#8159,Phantom Zamber,United Kingdom,https://drive.google.com/open?id=11EA_i51e3pckoEQEc7avf3YoyA-zi-Wm,Happy 1 year anniversary!! Thank for all fun memories. Here's to many more to come.,,
7/10/2021 23:58:44,hakubutsu#3690,hakubutsu,Japan,https://drive.google.com/open?id=1umaSIU0IHVMpS9oEQIRSHyEJxEvSPkfW,"ã­ã½ã‚‰ã¼ã®ã¿ãªã•ã‚“ï¼‘å‘¨å¹´ãŠã‚ã§ã¨ã†ï¼ï¼ï¼ï¼
ï¼‘å¹´å‰ãã‚Œãã‚Œã®ãƒ‡ãƒ“ãƒ¥ãƒ¼é…ä¿¡ã¨æŒ¯ã‚Šè¿”ã‚Šé…ä¿¡ã‚’è¦‹ã¦
ã™ã£ã”ãä»²ãŒã‚ˆã•ãã†ã§æ¥½ã—ã„é…ä¿¡ã ã£ãŸã“ã¨ã‚’è¦šãˆã¦ã„ã¾ã™ï¼ï¼
ãã‚Œä»¥é™ã‚‚ã­ã½ã‚‰ã¼ã®ã¿ã‚“ãªã®ã‚³ãƒ©ãƒœã¯ãšã£ã¨æ¥½ã—ã„ã‚‚ã®ã°ã‹ã‚Šã§
ã‚‚ã†ï¼‘å¹´ã«ãªã‚‹ã®ã‹ã¨ã³ã£ãã‚Šã—ã¦ã„ã¾ã™ï¼ï¼ï¼
ã“ã‚Œã‹ã‚‰ã‚‚ã¿ãªã•ã‚“ãŒå¥½ãå‹æ‰‹ã«ã§ã‚‚ä¿¡é ¼ã‚„ä»²ã®è‰¯ã•ã‚’æ„Ÿã˜ã•ã›ã‚‹
æ—¥ã€…ã‚’æ¥½ã—ã¿ã«ã—ã¦ã„ã¾ã™ï¼ï¼ï¼
ï¼‘å‘¨å¹´ãŠã‚ã§ã¨ã†ã”ã–ã„ã¾ã™ï¼ï¼ï¼",,
7/11/2021 0:00:56,misc#1921 / @hazelowsla,miscinsanity,United States of America,https://drive.google.com/open?id=1RivjidE7igUpXekDn7kLVL8y5BjSnfnJ,I could only complete the lineart before the printing deadline!!!! Hopefully you will see the finished coloring onlineğŸ™‡,https://drive.google.com/open?id=1mS9SIDJ4r3ynL-XGm1xVuT_f7JFSH_B4,
7/11/2021 13:44:57,Bonescaffolding#2005,"""Evan"" is fine",United States of America,https://drive.google.com/open?id=1V_g1ezvP0egwJFqynrpY7e-nxNimNemk,ãƒãƒ¼ãƒ‰ãƒ«ã¯ã¨ã¦ã‚‚é«˜ã„ã§ã™ãŒã€ãã‚Œã«è² ã‘ãšã«é ‘å¼µã£ã¦ã„ã¾ã™ã­ã€‚ã‚ãªãŸã®ä»•äº‹ã¯ã¨ã¦ã‚‚ã‹ã£ã“ã„ã„ã¨æ€ã„ã¾ã™ã—ã€ã‚ãªãŸã®è‡ªä¿¡ã¨å¿è€åŠ›ãŒã†ã‚‰ã‚„ã¾ã—ã„ã§ã™ã€‚ã“ã‚Œã‹ã‚‰ã‚‚å…¨åŠ›ã§å¿œæ´ã—ã¦ã„ã¾ã™ã€‚,,
7/16/2021 4:37:19,Altered#2804,Pyrogalactic,Netherlands,https://drive.google.com/open?id=1y4pprQVUi2nDu5Qv7l3P55fWHl0Uno7y,"Congratulations on your first anniversary! When I compare how you were last year to now, I've got to say that each of you girls have really found your spotlight to shine in. You deserve all the love you get. I'll be cheering you on as always! ",,
7/16/2021 4:41:27,LeagueOfPenguins#0237,League of penguins,Spain,https://drive.google.com/open?id=122mg2SJcc1RgIcO1MjoB1bf-gHfoeQJs,Thank you so much from spain,,
7/16/2021 6:31:37,AleZilla#2401,Ale,Canada,,Thank you so much for all your hard work. Hope to see you continue for a long time!,,
7/16/2021 17:08:00,@ShiroganeKn1ght,Kami,United States of America,https://drive.google.com/open?id=1IcFT6cjryoIpTIesdLUts0hJTdumpDTw,"Hello NePoLaBo! Congratulations on your one year anniversary of being in Hololive! One of the first ever clips I ever watched of Hololive was of NePoLaBo. You all always make me laugh and I love watching your streams and seeing you guys together. Thank you for all that you have done, I love you all!",,
7/17/2021 2:32:51,Noxa#1391/@noxa_4,Noxa,United States of America,https://drive.google.com/open?id=1fCEKfaQeJEt1JS5gNn01dC0L1TNjQguU,"Congratulations on your 1st debut anniversary! You all have such unique and wonderful personalities that makes me smile everyday. From the bottom of my heart, thank you for all of the fun times.",,
7/19/2021 10:37:15,Calchoo#5818/@DCalchoo,Calchoo,United States of America,https://drive.google.com/open?id=1n1qBGHzYVKDr1eCoG65lCx1p8XNRpNRI,"Thank you NePoLaBo for all your hard work! You guys were the first generation I saw debut from hololive, and I have been following all your streams closely ever since. You all mean a lot to me, and I wanted to thank you for all your hard work! Keep streaming, and have an amazing anniversary!",,
7/20/2021 0:45:31,HiJeff#6411ï¼RelaxHandCreamHiJeff(ãƒã‚¤ã‚¸ã‚§ãƒ•)(@yin96224),HiJeff,Hong Kong,https://drive.google.com/open?id=1-eUvvD3GMtnsbaNHAoYByuZFXCNkCMb8,ãƒ‡ãƒ“ãƒ¥ãƒ¼1å‘¨å¹´ãŠã‚ã§ã¨ã†ã”ã–ã„ã¾ã™ã€‚ æ—©ã„ã‚‚ã®ã§ã€ã‚‚ã†1å¹´ãŒçµŒã¡ã¾ã—ãŸï¼ç§ã¯10æœˆã‹ã‚‰ã®ãŠä»˜ãåˆã„ã«ãªã‚Šã¾ã™ãŒã€ã­ã½ã‚‰ã½ã®å¿œæ´ã«å‚åŠ ã§ãã¦å¬‰ã—ã„ã§ã™ã€‚ ã“ã‚Œã‹ã‚‰ã‚‚å¿œæ´ã—ã¦ã„ã¾ã™ï¼é ‘å¼µã£ã¦ãã ã•ã„ï¼äº”æœŸç”Ÿã®çµ†æœ€é«˜ã ãœï¼,,
7/25/2021 10:14:23,ChaoticSoda#9775,ChaoticSoda,Brazil,https://drive.google.com/open?id=1Ff0Z8S2c2bghQxZOmldQscLIstaICjzu,"5th Gen was part of my introduction to Hololive. I was immediately in love with all of you, waiting expectantly for the next stream. Be it solo or together, all of you never fail to make me happy. I'm honored to be in this journey with you. Happy 1st anniversary!!!",,